{
  "model_type": "lstm",
  "timestamp": "2025-12-13T21:32:59.330281",
  "metrics": {
    "accuracy": 0.5,
    "precision": 0.3333333333333333,
    "recall": 0.42857142857142855,
    "f1_score": 0.375,
    "true_negatives": 7,
    "false_positives": 6,
    "false_negatives": 4,
    "true_positives": 3,
    "auc": 0.6373626373626373
  }
}