{
  "model_type": "rnn",
  "timestamp": "2025-12-13T21:37:01.966235",
  "metrics": {
    "accuracy": 0.45,
    "precision": 0.375,
    "recall": 0.3333333333333333,
    "f1_score": 0.35294117647058826,
    "true_negatives": 6,
    "false_positives": 5,
    "false_negatives": 6,
    "true_positives": 3,
    "auc": 0.2222222222222222
  }
}