{
  "model_type": "lstm",
  "timestamp": "2025-12-13T21:36:06.584050",
  "metrics": {
    "accuracy": 0.6,
    "precision": 0.5714285714285714,
    "recall": 0.4444444444444444,
    "f1_score": 0.5,
    "true_negatives": 8,
    "false_positives": 3,
    "false_negatives": 5,
    "true_positives": 4,
    "auc": 0.6363636363636364
  }
}