{
  "model_type": "gru",
  "timestamp": "2025-12-13T21:38:00.218178",
  "metrics": {
    "accuracy": 0.6,
    "precision": 0.6,
    "recall": 0.3333333333333333,
    "f1_score": 0.42857142857142855,
    "true_negatives": 9,
    "false_positives": 2,
    "false_negatives": 6,
    "true_positives": 3,
    "auc": 0.494949494949495
  }
}