{
  "model_type": "lstm",
  "timestamp": "2025-12-13T21:23:32.678531",
  "metrics": {
    "accuracy": 0.78,
    "precision": 0.8035714285714286,
    "recall": 0.8035714285714286,
    "f1_score": 0.8035714285714286,
    "true_negatives": 33,
    "false_positives": 11,
    "false_negatives": 11,
    "true_positives": 45,
    "auc": 0.9082792207792207
  }
}