{
  "model_type": "rnn",
  "timestamp": "2025-12-14T13:24:43.621761",
  "metrics": {
    "accuracy": 0.55,
    "precision": 0.625,
    "recall": 0.45454545454545453,
    "f1_score": 0.5263157894736842,
    "true_negatives": 6,
    "false_positives": 3,
    "false_negatives": 6,
    "true_positives": 5,
    "auc": 0.4444444444444444
  }
}