{
  "model_type": "gru",
  "timestamp": "2025-12-14T13:25:03.634890",
  "metrics": {
    "accuracy": 0.75,
    "precision": 0.875,
    "recall": 0.6363636363636364,
    "f1_score": 0.7368421052631579,
    "true_negatives": 8,
    "false_positives": 1,
    "false_negatives": 4,
    "true_positives": 7,
    "auc": 0.686868686868687
  }
}